model_name,accuracy,precision,recall,f1
Logistic Regression,0.9736842105263158,0.975609756097561,0.9523809523809523,0.963855421686747
