name,accuracy,precision,recall,f1
Random Forest,0.9736842105263158,1.0,0.9285714285714286,0.9629629629629629
